id,player_name,confidence_level,reason
47,"Arike Ogunbowale",100,"1. **Performance against opposing team:** Against the Rose, Ogunbowale's scoring capability will be critical, especially given Rose's average points allowed. If Rose maintains defensive averages, this could somewhat limit Ogunbowale's scoring opportunities. However, her historical performance suggests she can still find ways to impact the score, which gives some confidence in her ability to reach the prop.

2. **Scoring trends:** Ogunbowale has had fluctuations in her scoring, showing both strong performances exceeding her season average and games where she falls below. For example, in recent games, she scored significantly (21 points against Phantom) but also had games with lower output (7 points against Mist). This inconsistency adds uncertainty but also shows she can turn on her scoring in crucial moments. 

3. **Role and teammate interactions:** Ogunbowale is a key player for her team, heavily relied upon for scoring and playmaking. Her role involves creating opportunities for herself and her teammates. The fact that she recorded a higher number of assists in games detailing her performance indicates effective interactions with teammates that could translate into scoring opportunities. This puts her in a good position to exceed the prop, depending on team dynamics.

4. **Game flow analysis:** Ogunbowale's tendency to perform under pressure, especially in fourth quarters, enhances her scoring potential. Although she has shown inconsistency, particularly in earlier quarters of games, recent performances indicate she can pivot and score when her team needs her. While game context may limit her ability to score at times, her clutch moments bolster confidence that she can get close to or exceed the prop set for her.

While the analysis leads to a cautious belief in Ogunbowale's potential to exceed the prop, the past inconsistencies in her scoring and potential defensive pressures from the Rose lean slightly towards the under, prompting a moderate confidence level."
48,"Chelsea Gray",120,"1. **Performance Against Opposing Team:** Chelsea Gray has recently faced the team Vinyl, who are competitive defensively and average 72.3 points per game. They can limit high-scoring performances, particularly when opponents struggle with shooting efficiency. Given Gray's previous challenges with shooting from both the field and beyond the arc against a strong defense, matching or exceeding her prop of 17.5 points may present difficulties.

2. **Scoring Trends:** An analysis of her recent games shows inconsistency in scoring, with a range between 7 to 28 points. However, her more frequent lower outings suggest that she tends to fluctuate and may struggle to reach her season average of 16.1 points unless she finds a rhythm early. Trends indicate that her scoring in the last few games often fails to exceed the prop, particularly when she has shooting struggles.

3. **Role and Teammate Interactions:** Gray serves as a key playmaker for her team, contributing significantly with assists, but her role as a scorer has been inconsistent. While her assists indicate a strong connection with teammates, it suggests she may prioritize playmaking over scoring at times. With contributions to other players (e.g., assisting teammates like Brittney Sykes) sometimes overshadowing her scoring, this could further hinder her ability to score over 17.5 points.

4. **Game Flow Analysis:** In her past performances against different opponents, her scoring ability tended to diminish in key moments, particularly in crucial quarters where scoring was needed most. Gray has shown bursts of energy and effectiveness, particularly in clutch situations, but those moments have been sporadic, leading to overall scoring struggles, especially in earlier quarters and when faced with robust defensive pressure.

Taking all of this into account, my confidence level is moderate but leans toward the perspective that she may struggle to exceed her scoring prop of 17.5 points in this matchup, particularly against a disciplined and competitive opponent like Vinyl."
49,"Rhyne Howard",85,"1. **Performance Against Opposing Team:** Rhyne Howard is facing the Rose team, which averages 69.4 points per game. This suggests that Rose is a competitive team with a solid scoring average, implying that Howard may face pressure defensively and require a robust scoring performance to keep pace. Historically, if Howard can exceed her season average against high-scoring teams, there is a probability she can maintain or build on her scoring output as her team competes effectively.

2. **Scoring Trends:** Looking at Howard's recent performances, she has exhibited a mix of high-output games and more subdued outings. Notable fluctuations were seen in her scoring, having peaked at 33 points against Rose and dipped below her average in other matchups. However, she is typically capable of efficient scoring. Based on her past game against Rose, where she also showcased a strong performance, there's evidence to believe she can attain her scoring prop.

3. **Role and Teammate Interactions:** Howard plays a pivotal role as a primary scorer for her team. Her capability to facilitate plays, as reflected by her occasional high assists (4 in one game), indicates she is integrally connected to her team's offensive flow. Her interactions with teammates highlight her dual-threat ability as both scorer and playmaker, meaning her scoring potential can manifest even when trying to create for others.

4. **Game Flow Analysis:** Howard's performance in the previous game flow suggested an ability to impact game momentum significantly, especially in moments of clutch scoring. While she has displayed inconsistency, potential scoring explosions in high-intensity situations point to her capability for scoring bursts. The previous analysis indicates that, despite some missed opportunities, her scoring abilities can surface during critical moments.

In summary, while Howard has shown both profitable and underwhelming tendencies, her role as a leading scorer, her history of elevation in competitive games against solid opponents, and her ability to impact flow positively contribute to the belief she can achieve over the prop of 17.5 points despite previous inconsistencies in some outings. As such, there's reasonable confidence for slightly favoring the over, placing it at 85 on the confidence scale."
50,"Brittney Sykes",85,"1. **Performance against opposing team:** Brittney Sykes is facing the Vinyl team, which has allowed an average of 72.3 points per game. While this suggests there are scoring opportunities available, Sykes has had inconsistent performances lately, particularly focusing on scoring efficiency. In the recent game against them, she managed 9 points, just above her season average of 8.4. This indicates she can score against this opposing defense, but it remains to be seen if she can consistently exceed the prop line of 13.5 points.

2. **Scoring trends:** In her recent outings, Sykes’ scoring has varied quite a bit; she has scored as high as 16 points in one game but has also recorded only 2 points in others. This inconsistency could be a concern, as it reflects fluctuating confidence and effectiveness. She has managed to score above her average occasionally but has failed to find a rhythm in other games, making it challenging to predict if she will hit the prop.

3. **Role and teammate interactions:** Sykes has been an integral part of the offensive strategy, particularly in games where she is tasked with scoring and facilitating. However, her role can fluctuate based on the game flow and the contributions of teammates like Chelsea Gray. If Gray has a strong shooting night, it may limit Sykes’ touches. Moreover, her assists and playmaking indicate she has the capability to support team scoring, but it may detract from her overall point total.

4. **Game flow analysis:** Recent game flow analyses highlight periods of strong scoring from Sykes, particularly in the first half of games, while her impact has diminished in crucial moments towards the end of games. This fluctuation in scoring, combined with the pressure situations, could prevent her from maintaining a steady scoring pace. If trends continue, it seems she might struggle to find her way over the points prop tonight due to previously noted inconsistencies late in games.

**Final reason for confidence level:** Given her ability to perform well against the Vinyl team and the potential for scoring opportunities within the game context, I lean toward the idea that Sykes could exceed the point total. However, her inconsistency in recent performances and interactions reliant on teammates limits my confidence, leading to an overall moderate level of certainty in siding with the under."
51,"Dearica Hamby",110,"1. **Performance against opposing team:**  
   Dearica Hamby is facing the Rose, who averages allowing 69.4 points per game, and while they have a relatively strong rebounding rate, their defense against individual scorers can fluctuate. Hamby's previous games against teams with similar defensive rankings suggest she can deliver scoring efforts near or above her point total when she is actively involved on the offensive end.

2. **Scoring trends:**  
Hamby's recent scoring performances have shown fluctuations, with notable outings where she scored 35 and 22 points. However, she has also had appearances where her scoring totals were below expectations, especially when she relied heavily on two-point shooting without three-point attempts. Her current average across recent games is around 20 points, suggesting a capacity close to the prop line of 17.5 points.

3. **Role and teammate interactions:**  
Hamby plays a crucial role as a scoring forward and rebounder, often being a primary focus in the paint. Her scoring contributions are complemented by teammate interactions, where she plays a part in facilitating within the pick-and-roll scenarios. Recent games have shown her ability to not only score but also assist, indicating she helps create opportunities for others while still prioritizing her scoring.

4. **Game flow analysis:**  
In recent matchups, Hamby has had games where she started strong but tapered off, highlighting inconsistency. However, her ability to score in clutch moments and contribute significantly toward the end of games suggests that she thrives under pressure. While her scoring may vary throughout a game, she is frequently pivotal when it matters. The scoring prop being at 17.5 points seems achievable given her recent form and the importance of her contribution to the team.

**Final reason for confidence level:**  
While there are concerns about consistency, Hamby’s high-scoring potential and previous contributions against comparable defenses along with her role as both a scorer and facilitator give enough confidence that she can exceed the 17.5 points prop, especially as she has shown propensity for impactful scoring. Thus, I assign a moderately high confidence level of 110, leaning towards her achieving over the prop line considering the favorable matchup."
52,"Angel Reese",100,"1. **Performance against opposing team:** Angel Reese is facing Vinyl, a team averaging 72.3 points per game. Their defense can be described as moderately effective, allowing players to score if they take a commanding presence in the paint. Given Reese's rebounding abilities, it's likely she will have opportunities to score near the basket, which could help her reach the 14.5 point threshold if the team’s offensive strategy capitalizes on inside scoring.

2. **Scoring trends:** In her past games, Reese has shown inconsistency in scoring though she has occasionally exceeded her averages, notably in games where she scored 12 and 14 points. However, she has also had lower scoring games such as 4 points in another matchup. This shows that while she has the potential to score, she can also struggle with efficiency and consistency.

3. **Role and teammate interactions:** Reese has taken on a pivotal role as both a scorer and rebounder. Her ability to generate offensive plays through assists (with averages around 1.7 assists) highlights her capacity to contribute to team scoring beyond just shooting. However, her interaction with teammates, particularly during offensive setups, will be key in ensuring she gets the ball in favorable positions to score.

4. **Game flow analysis:** The game flow analysis reflects Reese starting positively with scoring contributions primarily in the earlier quarters, but having challenges towards the end due to fouls and missed shots in critical times. This factor indicates that she might have a lower performance under competitive pressure, especially as she may play slightly conservatively to avoid foul trouble. Given the context of how the game has unfolded in her prior matchups, while there is reasonable expectation that she could hit 14.5 points, the recent form and variability in her scoring lead to a middle-ground confidence rather than outright belief that she will exceed the prop.

In summary, while there's potential for her to score over 14.5 points due to the matchup and her team dynamics, her recent inconsistencies and form contribute to a moderate level of confidence that she’ll meet or slightly exceed this threshold, resulting in the chosen confidence level of 100."
53,"Azura Stevens",90,"1. **Performance against opposing team:** Azura Stevens is matched against Vinyl, a team that allows an average of 72.3 points per game. The defensive metrics suggest that they may struggle against players capable of scoring efficiently. Given that Stevens has recorded solid scoring performances against teams with a similar defensive profile, there is a favorable likelihood she can reach or exceed the points prop of 15.5.

2. **Scoring trends:** Looking at Stevens' recent performances, she has shown a varying but upward trend in scoring. In her last few games, she scored 5, 6, 16, 15, 17, and 19 points, indicating her scoring is trending upward. However, her average sits at 14.4 for the season, suggesting she has the potential to surpass this given she has exceeded this average in some outings. 

3. **Role and teammate interactions:** Stevens plays a forward position on her team and has seen an uptick in her involvement in scoring as well as playmaking. She is expected to be one of the primary scoring options, especially against a team like Vinyl. Considering her assists are low but she occasionally facilitates plays, her primary focus remains on scoring, which should increase her scoring opportunities. Her role remains essential, and she tends to benefit from teammates setting her up for shots.

4. **Game flow analysis:** Recent game flow analyses reveal that while Stevens' scoring is inconsistent at times, she can erupt for significant points in crucial moments, especially when the game is competitive. Her ability to contribute early on sets a tone that could lead to a sustained scoring effort throughout. Although her scoring in the fourth quarter has dipped in some games, she often puts up solid numbers before that, providing a pathway for her to hit the over on her points prop.

Overall, considering her current form, the defensive profile of the opposing team, her scoring potential, and her defined role, I have a strong but not overwhelming confidence, leaning toward the over, hence a confidence level of 90."
54,"Satou Sabally",120,"1. **Performance against opposing team:** Laces, the opposing team, averages 73.3 points per game, which indicates that they tend to play a relatively fast-paced game with several scoring opportunities. Given that Sabally is a key offensive player, she has the potential to capitalize on the scoring opportunities created through the tempo of the game. Historically, she has shown the ability to score efficiently against teams with such averages, so there is a favorable matchup for her to perform well.

2. **Scoring trends:** Sabally has displayed both high-scoring games and games where she struggled with efficiency. However, her recent performances indicate that she is capable of breaking through strong scoring barriers, such as her games with 29 and 22 points. Particularly against Laces, if she plays to her potential and uses her three-point shooting effectively, which has been one of her strengths (notably making 83.3% of her attempts from beyond the arc in a recent game), she is likely to meet or exceed the points prop.

3. **Role and teammate interactions:** As a key offensive player on her team, Sabally plays a pivotal role in scoring and creating offense. Her interactions with teammates such as Natasha Cloud suggest a certain level of chemistry that helps create scoring opportunities, shown by her assists alongside scoring. In close games, having a reliable offensive option who can either score or assist is crucial, which boosts her chances of going over the points total.

4. **Game flow analysis:** The analysis indicates that Sabally typically shows significant scoring potential in the early quarters and has the ability to sustain that through the middle quarters. Although she may have hints of inconsistency, her previous strong starts and the ability to score both from inside and beyond the arc suggest that she can build momentum. Given her recent ability to thrive in close games, along with a favorable matchup against a team allowing high-scoring plays, there is a strong likelihood she can reach or exceed the 16.5-point prop. 

Overall, while there are factors that could indicate inconsistency, her positive trends and favorable conditions justify a strong confidence level in her scoring surpassing the prop."
55,"Sabrina Ionescu",80,"1. **Performance against opposing team:** The Laces are an average team that allows about 73.3 points per game while allowing approximately 11.8 assists per game. This suggests that their defense is not overly aggressive and may permit a versatile player like Ionescu to score, particularly from beyond the arc, as demonstrated in her previous games against various opponents with similar defensive averages.  
   
2. **Scoring trends:** Ionescu has shown variability in her scoring, with performances ranging from 12 to 32 points over recent games. Her recent results indicate that while she has fluctuated, she is capable of high-volume scoring, particularly when her three-point shot is falling. However, there are instances like the game against Mist where her scoring dipped below her season average, raising concerns about consistency.  

3. **Role and teammate interactions:** Ionescu plays both as a scorer and a playmaker for her team, often facilitating scoring opportunities for teammates. In games with higher assist totals (such as 9 assists against Mist), her scoring may dip as she focuses more on creating for others. However, her ability to contribute to the scoring effort while maintaining these interactions is crucial, and she has shown capability to push her shots when needed.

4. **Game flow analysis:** Recent game flow analyses reveal that Ionescu can start strong but often experiences inconsistencies mid-game, affecting her overall scoring. In previous games, while she demonstrated the ability to bounce back, her scoring was impacted by moments where she failed to convert scoring attempts (e.g., a significant drop in the third quarter). This back-and-forth pattern suggests that while she is likely to exceed her scoring in favorable matchups, there’s still a risk of significant dips in performance.

Given the combination of these factors, I have a moderate confidence level (80) that Sabrina Ionescu will go over the points prop of 21.5. Her capability for high scoring outweighs concerns about recent inconsistencies, especially against a team like the Laces, providing enough room for her to generate the needed points if she plays to in the rhythm of the game."
56,"Brittney Griner",125,"1. **Performance Against Opposing Team:** The Laces average 73.3 points scored per game, which indicates they are strong enough offensively that despite having some great scoring games, Griner may face tougher defensive matchups. However, against teams with comparable defensive averages, Griner has been known to ramp up her game, suggesting she can find ways to score efficiently against them.  
   
2. **Scoring Trends:** Recently, Griner's scoring has been inconsistent. In her last few games, she scored 29, 7, 20, 13, and 10 points, showing that although she can have standout performances, her overall trend fluctuates. The inconsistency reflects potential struggles against decent defenses. The recent trend shows she scored above 14.5 in two out of her last five outings, but that takes into account some unusually high-scoring games as well.  

3. **Role and Teammate Interactions:** Griner is typically a crucial offensive player for her team, requiring her to fulfill a significant scoring role. She's known for her effectiveness around the basket, which could lead her to have interactions with teammates who create spacing and opportunities. However, there’s indication that she may struggle to score when defenses collapse on her or when her teammates aren't capitalizing on her presence, as seen in matches where she has minimal assists.  

4. **Game Flow Analysis:** Game flow reports suggest Griner tends to have better performances early in games, particularly in the first and second quarters, but may fade as the game progresses, especially if she accumulates fouls or misses early scoring opportunities. Most notably, she's faced moments of inconsistency in later quarters that diminish her scoring potential. This suggests that while her scoring can be prolific early, sustaining that through all four quarters is a challenge.

**Final reason for confidence level:** While confident that she could hit the over based on her potential, the recent inconsistency in her scoring paired with the Laces' competitive defense suggests she may struggle to surpass the 14.5 points prop. Hence, a confidence level of 125 reflects a moderately strong lean towards taking the over but acknowledges the risk based on her recent performance trends."
57,"Natasha Cloud",65,"1. **Performance Against Opposing Team:**  
   Natasha Cloud's performance against teams like Laces, who average 73.3 points, indicates that she has the potential to excel in games where pace and scoring opportunities are available. However, her recent performance was somewhat inconsistent against stronger opponents, impacting her scoring output and making it more difficult for her to consistently exceed the points prop.

2. **Scoring Trends:**  
Looking at Cloud’s recent scoring outputs, she has experienced fluctuations. While she scored 11 points against Vinyl and 13 against the Lunar Owls, she has also had lower scoring performances, including games where she only managed 6 or 7 points. Her inconsistent shooting, especially from long-range, has frequently impacted her ability to surpass her prop.

3. **Role and Teammate Interactions:**  
Cloud's role as a facilitator and playmaker is crucial; however, her scoring contributions are equally important for her team’s offensive flow. The high assist numbers indicate her ability to create opportunities for her teammates, but this may impact her shots. With a lower number of successful scoring attempts in some games due to poor shooting efficiency, her individual scoring could be limited.

4. **Game Flow Analysis:**  
In analyzing her flow during recent games, Natasha has shown ability but also inconsistency. For example, she had strong performances in parts of games, yet critical moments often did not align with successful shot-making late in games. The fluctuations point toward a level of unpredictability in her scoring contributions, particularly during challenging stretches.

Overall, these factors suggest that while she has potential to score more than 10.5 points in a favorable matchup, inconsistency and her role may make it challenging for her to do so, leading to a moderate level of confidence in the under, hence a score of 65 for confidence in the under."
